file_name,N_m,NSE_m,RMSE_M,algo_m,m_poly_p1,m_poly_p2,m_poly_p3,m_n3_p1,m_n3_p2,N_nm,NSE_nm,RMSE_nM,algo_nm,nm_poly_p1,nm_poly_p2,nm_poly_p3,nm_n3_p1,nm_n3_p2,name,lat,lon
df_st_ADDOOR.xlsx,1481,0.9096600165203872,50.29189933445964,1,13.209993499498477,87.65794478255759,-45.461080940176004,,,742,0.780020591800626,29.400986602933155,1,33.83189621046613,0.1904459614445535,10.230089017916754,,,ADDOOR,12.92888888888889,74.9538888888889
df_st_Adityapur.xlsx,2318,0.9230557457298971,113.9055588304099,1,38.69417709245166,-9586.995118468189,593807.7384688281,,,4652,0.8258710886930845,29.060722764789737,1,13.772736917178646,-3358.7722936484984,204692.60026458107,,,Adityapur,22.79138888888889,86.17361111111111
df_st_AKKIHEBBAL.xlsx,1921,0.9398535101147479,33.21513147936483,1,51.53532007016866,-76943.25996088023,28719447.144855738,,,3876,0.9186116158972193,9.791570849552745,1,49.599548992414306,-74060.9743597609,27646558.749444902,,,AKKIHEBBAL,12.59861111111111,76.40055555555556
df_st_Alladupalli.xlsx,1474,0.8757955489554688,63.032477916341044,1,43.15467843979706,-11523.713045146518,769301.7444816838,,,3066,0.9022255856830577,44.82493903489116,1,42.399150029984085,-11311.985460191821,754499.4049777833,,,Alladupalli,14.71722222222222,78.66861111111112
df_st_Altuma.xlsx,2305,0.8865473054536623,28.538141910543104,1,52.22159585111527,-4778.018146200077,109294.99434965294,,,4622,0.8135523799906068,11.325529356376592,1,60.698772465680356,-5564.904747402643,127546.71556720509,,,Altuma,20.93083333333334,85.51916666666666
df_st_AMBARAMPALAYAM.xlsx,2197,0.9806149419925291,0.9548208560896871,2,,,,16.167961157064028,218.73194708549005,4482,0.9662275563201103,2.0555850561872933,1,46.397145326724846,-20337.620806086514,2228688.565785018,,,AMBARAMPALAYAM,10.63138888888889,76.94611111111111
df_st_Andhiyar_Khore.xlsx,1882,0.9058462206020301,12.825789228048004,1,18.965697386216025,-9605.80445690966,1216287.9502913835,,,3372,0.8527195954777412,4.270203330819975,1,19.368564074651555,-9812.19030218423,1242718.8281822214,,,Andhiyar Khore,21.83388888888889,81.5975
df_st_Anjanari.xlsx,314,0.8872677860766669,42.17286374871106,1,42.06842422999157,-986.2423270712335,5773.430701722575,,,119,0.9473019853315093,4.203482821215666,2,,,,6.752145293113986,11.118886702420884,Anjanari,16.93472222222222,73.51416666666667
df_st_ARANGALI.xlsx,2246,0.9218435474035336,42.101635832700396,1,18.509615249231683,56.178606567695724,15.366689793088,,,4756,0.8944339746514641,38.071304976576656,1,17.482037611475146,67.76650047721202,-11.199315810231203,,,ARANGALI,10.28611111111111,76.32222222222222
df_st_Arjunwad__Seasonal_.xlsx,1807,0.9762561923661599,172.50143087625915,2,,,,0.7479407485963706,520.8549311340054,358,0.8736609480241827,63.697918682812485,2,,,,2.3828496379979076,523.7156794361143,Arjunwad (Seasonal),16.78194444444444,74.63222222222221
df_st_Ashti.xlsx,2196,0.9847996459910671,337.70718315134326,1,175.184238437559,-50069.46288065691,3577575.471498053,,,4608,0.9765991383773195,43.45933620347851,2,,,,21.840188640038964,141.79133078672652,Ashti,19.68472222222222,79.78861111111111
df_st_AVERSHE.xlsx,1409,0.9770851234024839,14.419411432629452,1,27.251111200204534,-570.167784885657,2946.344834335161,,,1842,0.9874783735228625,1.9185545258777186,1,48.10980285106572,-1085.124651050901,6119.2692039826225,,,AVERSHE,13.52138888888889,74.88
df_st_Badlapur.xlsx,316,0.8926847931101898,139.09751820276932,2,,,,9.646227328855048,8.8392760157218,255,0.819841688421385,19.345031687758148,1,76.45370779771507,-1512.0189494306464,7475.557970736503,,,Badlapur,19.16222222222222,73.25416666666666
df_st_Bamni.xlsx,3409,0.6911120856499482,35.07162687634428,1,40.71249149739228,-35870.52850361873,7901116.280101925,,,867,0.9486203196034151,5.838699796829336,1,41.64693774191584,-36704.35485158913,8087084.026545225,,,Bamni,22.48416666666667,80.36194444444443
df_st_Bamnidhi.xlsx,2318,0.9580545768660561,92.47537577917872,2,,,,68.72463835192552,223.99804380590442,4687,0.8367562962062378,21.1933711781482,2,,,,66.54457899379727,224.01267570697087,Bamnidhi,21.90861111111111,82.71361111111112
df_st_BANTWAL.xlsx,2175,0.9147990213801144,205.0790461778179,1,36.72436314335554,123.2887930386555,-409.47375264472004,,,3522,0.8744066445242552,230.67727484807438,1,48.2510140180106,-0.8174769775602295,-154.51015342091188,,,BANTWAL,12.88083333333333,75.0411111111111
df_st_Barmanghat.xlsx,2089,0.9918879226771359,101.59052381612247,1,38.34131959419413,-23547.103756097462,3615383.4209970683,,,4354,0.8863641340456523,44.70525725205748,1,32.755936437100516,-20086.033948268392,3079216.2767998213,,,Barmanghat,23.03055555555556,79.01527777777778
df_st_Baronda.xlsx,1858,0.927014681862641,92.07821116772523,2,,,,31.93640931179313,283.2864746222223,2233,0.8932051953737256,11.729372381141982,1,208.89454936328724,-118701.7685980676,16862706.54637895,,,Baronda,20.91,81.88805555555557
df_st_Basantpur.xlsx,2074,0.7229490594526347,22.45576230788456,2,,,,94.00788965760486,207.98106340205933,4182,0.9834243170721327,73.74415256589205,1,183.79384190774846,-76526.24868307807,7965804.804860113,,,Basantpur,21.7275,82.78805555555556
df_st_Bawapuram.xlsx,1928,0.9539258215683338,177.8460785340157,1,152.64114317227177,-82697.58009207621,11200921.210153276,,,3582,0.9630420867773121,52.36838531486737,2,,,,17.466343046912847,269.8718590660548,Bawapuram,15.8825,77.95722222222223
df_st_Belkhedi.xlsx,2274,0.6322494326605717,143.88840643108193,1,26.380139005437428,-17941.545004866264,3050545.4669914157,,,4343,0.9584843240243228,1.3096574329240127,1,47.114079961624405,-32133.560180351167,5479072.1007503765,,,Belkhedi,22.92777777777778,79.33972222222222
df_st_Belne_Bridge.xlsx,259,0.9146136284631845,45.1845047669325,1,20.84499910484354,-409.50209950809597,2011.3439158868557,,,165,0.8922118434775169,7.96923085995031,1,16.960921507924546,-331.9423313974129,1626.670356738021,,,Belne Bridge,16.22083333333333,73.59472222222222
df_st_Bhadrachalam.xlsx,378,0.9890054365865626,598.7865591514379,1,173.87151729167093,-11611.249853145708,193835.93206016303,,,966,0.9253562913412882,1147.436147802079,1,179.92820027946962,-12175.978482094157,206125.58096417933,,,Bhadrachalam,17.66944444444444,80.87388888888889
df_st_Bhatpalli.xlsx,2196,0.9147955228776612,70.0573543007355,2,,,,9.946762050706441,157.70708426958836,4444,0.7798758241407535,13.566037155866528,1,80.73964278417203,-25638.128352358442,2035288.736405893,,,Bhatpalli,19.32972222222222,79.50416666666666
df_st_BILIGUNDULU.xlsx,2222,0.985334064786206,49.976094734853675,1,79.88051025619653,-41023.28773834189,5266893.856016972,,,4577,0.9921788814548262,17.16965411573938,1,74.78200312070531,-38404.07737862427,4930519.630775731,,,BILIGUNDULU,12.18222222222222,77.7238888888889
df_st_Boudh.xlsx,346,0.9229793434841176,1010.0746807862399,1,388.41140510071244,-61864.4848515069,2463018.0110312933,,,640,0.9817470357933744,117.66995634801445,1,540.5933265976253,-86822.12734315993,3486170.8498968617,,,Boudh,20.86555555555556,84.31333333333333
df_st_BURHANPUR.xlsx,1908,0.9318888378583617,312.33107399519423,1,54.06022274597417,-23265.075126086078,2503082.9856752963,,,3248,0.75037716811083,24.185521800002114,2,,,,13.336165601312034,214.84861036503546,BURHANPUR,21.29833333333334,76.23611111111111
df_st_BYALADAHALLI.xlsx,1481,0.9070644706587956,7.268650183235604,1,13.39595399645992,-14194.440829786223,3760127.5844194577,,,1840,0.9504597556731733,5.977140311910074,1,17.178622526291484,-18211.59733019605,4826671.703130922,,,BYALADAHALLI,14.43388888888889,75.77972222222222
df_st_Chakaliya.xlsx,1056,0.8221004984512432,239.57946691425678,1,52.13519374144522,-22497.240725713422,2426676.4740105392,,,1982,0.8186622709224488,180.49263752545804,1,63.19118228363173,-27400.53450551745,2970221.6298892424,,,Chakaliya,23.05194444444444,74.31972222222223
df_st_Champua.xlsx,2261,0.8789719124528308,30.535506332708046,1,22.41340219317545,-16579.16937116426,3065872.23607296,,,6849,0.8656974451347135,22.629222259895258,1,23.100225448445617,-17092.65667997021,3161842.6015437827,,,Champua,22.06888888888889,85.67055555555557
df_st_CHANWADA.xlsx,1658,0.9122810956892773,102.17963241973655,1,35.40066392489176,-1203.808833439632,10160.629761119395,,,3282,0.9119621555577685,75.24471661822241,1,36.887291111454445,-1270.8870154343124,10899.301485038632,,,CHANWADA,22.05,73.46527777777779
df_st_Chengalpet.xlsx,947,0.9554822700355378,23.80020682220502,2,,,,86.42822064986035,25.51146179945153,898,0.9553131397836567,24.438475110348737,2,,,,86.43426008819691,25.51150302415318,Chengalpet,12.65,79.94722222222222
df_st_Chennur.xlsx,1492,0.9093693840664502,99.80154559472122,1,169.714452322759,-39665.6224697903,2317644.872580987,,,3405,0.8356187784299595,93.60126828192394,2,,,,26.387192526977234,116.13158427089995,Chennur,14.57222222222222,78.8
df_st_Chhidgaon.xlsx,2233,0.9591094199890974,74.75922924139984,1,39.74307647600099,-22807.616442378192,3272181.3368902714,,,4188,0.6221971644239433,4.629410073701155,1,49.571568730008536,-28490.820847645504,4093712.929909335,,,Chhidgaon,22.40583333333333,77.30777777777777
df_st_Chindnar.xlsx,1964,0.9886462371755314,113.3903364048616,1,124.57122024911038,-82234.59000456003,13571634.403816981,,,3936,0.9918562055110511,18.485244160009245,1,119.983515574661,-79160.14537650015,13056650.073809734,,,Chindnar,19.08305555555556,81.3
df_st_CHUNCHUNAKATTE.xlsx,1075,0.8550971787806242,66.50192687456894,1,33.55187418994387,-50429.20792939814,18949040.793116666,,,996,0.9499557339364585,7.879491688701288,1,36.9346626187509,-55524.984203427484,20868083.54276607,,,CHUNCHUNAKATTE,12.51111111111111,76.30305555555556
df_st_Collem.xlsx,255,0.8738889671300536,10.303135376127846,1,14.339020633969357,-1888.6595323607607,62179.31994883115,,,322,0.8608729026334803,0.7992647914381079,1,17.37606926757094,-2307.983673388307,76639.98757650971,,,Collem,15.33861111111111,74.24833333333333
df_st_Dameracherla.xlsx,1583,0.9301258366045015,31.250138334079693,2,,,,19.57455843097319,54.194847304143174,3915,0.9537360323591854,27.100047831661197,1,72.48582257316609,-7904.574258489553,215478.15534820827,,,Dameracherla,16.73916666666667,79.66972222222223
df_st_DEDTALAI.xlsx,252,0.9441278244403244,55.40368097797288,1,31.881030939099553,-17176.158856653983,2313230.912646257,,,396,0.9777596444091758,6.0812495215833655,1,127.89333718012568,-69508.39564406285,9444230.127228087,,,DEDTALAI,21.51305555555556,76.75722222222223
df_st_Degloor.xlsx,1188,0.9817619040521138,15.16188260073365,1,23.173978126493264,-16354.10529437309,2885315.602572759,,,903,0.9504491588650283,8.943918622735541,2,,,,2.4350857644029276,351.84357237849895,Degloor,18.54555555555556,77.5775
df_st_Deosugur.xlsx,3046,0.994321801374919,136.1903862086637,1,139.22261425044078,-90620.71098096616,14746350.213296015,,,3046,0.994321801374919,136.1903862086637,1,139.22261425044078,-90620.71098096616,14746350.213296015,,,Deosugur,16.38222222222222,77.35722222222222
df_st_Derol_Bridge.xlsx,488,0.8344900656712947,113.24555418194876,2,,,,20.312234507346655,86.99515434196495,227,0.81321275571745,9.913021617599211,2,,,,73.14121078392178,87.07746438550076,Derol Bridge,23.57666666666667,72.80638888888889
df_st_Dhalegaon.xlsx,809,0.9962427183926618,41.69184866979972,1,44.32147094451793,-34287.27097459987,6631191.249438494,,,1044,0.9948414843108884,7.105208721525683,1,42.85611557872682,-33152.26864539513,6411410.714607725,,,Dhalegaon,19.19972222222222,76.36638888888888
df_st_Dhariawad.xlsx,6961,0.9563498685384045,10.874649163035222,1,56.016860697973854,-22795.13666187124,2319026.134869781,,,6961,0.9563498685384045,10.874649163035222,1,56.016860697973854,-22795.13666187124,2319026.134869781,,,Dhariawad,24.08638888888889,74.47555555555556
df_st_Dhond.xlsx,723,0.9855086640990494,101.48988900953401,1,51.54302692828939,-51062.70547021434,12646382.413089678,,,200,0.7699935907996666,33.185386037765866,2,,,,31.09636906497485,496.9977649449199,Dhond,18.47388888888889,74.57638888888889
df_st_Dindori.xlsx,2262,0.8345789537684454,72.11777423514668,2,,,,11.827064478502509,661.9239204081794,4376,0.8957908527889769,11.122674435354936,2,,,,18.975376834672815,662.4409299367164,Dindori,22.94777777777778,81.0761111111111
df_st_DURVESH.xlsx,1747,0.9554535445634074,115.35559906067142,1,40.972973176001055,-79.85538728440416,82.94413865348332,,,1452,0.7793142657087486,21.769987845664637,1,29.56873727484139,-2.9605412394030934,-35.1689066804423,,,DURVESH,19.7125,72.93055555555556
df_st_ERINJIPUZHA.xlsx,2177,0.9868233127745505,17.20683345369686,1,60.2811236890812,-1660.3648204510866,11436.601357474417,,,3535,0.9867830619476073,3.495339274168291,2,,,,9.935413612596486,12.897378863336165,ERINJIPUZHA,12.49583333333333,75.15694444444445
df_st_Fekoghat.xlsx,1967,0.7499095264439424,27.296299410761247,1,16.090480624867244,-1299.7329479129132,26236.261818738167,,,517,0.630703590046884,26.59978775935303,1,10.025308502856735,-789.6584651427875,15517.216827791377,,,Fekoghat,22.30861111111111,86.91638888888889
df_st_Gadarwara.xlsx,2128,0.9050533869359588,88.86721218470001,1,74.22772204401268,-47848.08270773244,7710835.184501451,,,6152,0.9058226619792672,55.41484753302165,1,79.28251883035087,-51135.80114981162,8245407.074599877,,,Gadarwara,22.92388888888889,78.79166666666667
df_st_Ganjem.xlsx,266,0.9792850454648487,32.88857205605672,1,34.51032298621033,-73.90927248823843,-113.45785129629846,,,365,0.9827634479792231,28.63181763442501,1,35.71879928307609,-87.6432914920816,-75.32876805226161,,,Ganjem,15.47083333333333,74.09916666666666
df_st_Ganod.xlsx,559,0.9094364322676467,102.32537715197124,1,64.97008797716087,-3362.201578165367,43501.21829718629,,,862,0.8697231953321711,101.89903057092263,1,67.19499364193568,-3492.834385792785,45404.30734977095,,,Ganod,21.66666666666667,70.185
df_st_Garudeshwar.xlsx,2263,0.9793919629130501,359.44083518260743,1,46.028624256782415,-633.9068803844638,-114.42885548021941,,,4312,0.7588208006909661,151.26710451486187,1,32.70480792238558,-523.341443052131,1041.342999962141,,,Garudeshwar,21.89,73.65
df_st_GHALA.xlsx,2663,0.7992814555402421,128.71523489630297,1,57.558400323305705,-413.4167501953225,711.4326702181744,,,2663,0.7992814555402421,128.71523489630297,1,57.558400323305705,-413.4167501953225,711.4326702181744,,,GHALA,21.29722222222222,73.02527777777777
df_st_Ghatora.xlsx,11904,0.7417944764244369,40.492922396274324,2,,,,6.694031656297347,246.2211445699334,11904,0.7417944764244369,40.492922396274324,2,,,,6.694031656297347,246.2211445699334,Ghatora,22.04861111111111,82.22194444444445
df_st_Ghugus.xlsx,660,0.8920037795968832,227.80577889634424,1,16.53388018499946,-5423.59655038526,444587.2655322671,,,1265,0.8263914001537644,11.755116862139856,1,38.630256379848824,-12887.928860838514,1074921.1173555527,,,Ghugus,19.95583333333333,79.10083333333333
df_st_Gokak_Falls.xlsx,1305,0.9564257827174516,60.393637925073214,2,,,,3.1518105756676484,536.7067605825963,681,0.6608990838171465,10.643002280466897,1,103.34378769236905,-111384.89904489837,30012933.043801624,,,Gokak Falls,16.18138888888889,74.80111111111111
df_st_Gomlai.xlsx,2315,0.9127477999074702,309.0331040223686,1,140.44378069586364,-38808.67405700956,2680953.822194966,,,4619,0.923543009913333,63.68046992366309,1,131.66121058162042,-36411.1798093714,2517394.496030175,,,Gomlai,21.83444444444444,84.91277777777778
df_st_GOPALKHEDA.xlsx,1847,0.9729573213384735,51.45679493681022,1,13.357492537766047,-6289.858968003486,740438.7299493292,,,2041,0.992562902733827,6.8481981447937885,1,16.55093829456147,-7814.040290661695,922292.1696683067,,,GOPALKHEDA,20.87416666666667,76.99138888888889
df_st_Gopiballavpur.xlsx,640,0.8547907726621711,69.26394341142202,1,4.566432568599379,-142.19134364272028,-193.21903890385178,,,640,0.8547907726621711,69.26394341142202,1,4.566432568599379,-142.19134364272028,-193.21903890385178,,,Gopiballavpur,22.21972222222222,86.90472222222223
df_st_GUMMANUR.xlsx,1842,0.7940689375018344,7.373051622018208,1,79.66634265311328,-78200.00858267558,19190154.545416247,,,4007,0.7832173084311104,8.331534914165092,1,66.06693746282474,-64846.473841690364,15912129.052700575,,,GUMMANUR,12.555,78.13833333333334
df_st_Gunupur.xlsx,2287,0.8849235474927764,95.74835721083939,2,,,,31.65310371658984,79.77014717265878,4348,0.8590541725065715,39.66149161260976,2,,,,24.713085559347185,79.66085428024691,Gunupur,19.08333333333333,83.80555555555556
df_st_HALADI.xlsx,2180,0.9856243995777312,12.217848534122334,1,15.008243211229786,11.465321199013742,-34.69821034302355,,,4458,0.9016616762090216,5.800713319575567,1,22.186106403906578,-20.044378885533806,-2.2101308898030294,,,HALADI,13.58166666666667,74.85777777777777
df_st_Halia.xlsx,171,0.8272430486631623,1.2644897560173034,2,,,,53.36583891460386,129.24332420509407,581,0.8602268408918436,0.7441683953849435,2,,,,32.643484407921086,129.12866778134023,Halia,16.79027777777778,79.3386111111111
df_st_Handia.xlsx,2323,0.9823944584262282,322.4378363657476,1,151.1516856936052,-78637.93558170131,10228065.214377211,,,4628,0.9069856687506955,73.8705458225985,1,148.77786143131917,-77426.48763136023,10073567.668838816,,,Handia,22.49166666666667,76.99388888888889
df_st_Haralahalli.xlsx,16057,0.6511823850104073,301.7339025174841,1,55.18530703503407,-56023.19122942129,14218499.420744063,,,16057,0.6511823850104073,301.7339025174841,1,55.18530703503407,-56023.19122942129,14218499.420744063,,,Haralahalli,14.83055555555556,75.67444444444445
df_st_Hivra.xlsx,1880,0.9880000073494433,41.29694944818684,1,32.33008506177447,-14960.91746406589,1730791.9103919617,,,3164,0.9560196357041584,9.609054677939891,1,36.104074925900946,-16730.63790704815,1938242.5781496887,,,Hivra,20.54722222222222,78.325
df_st_HOLEHONNUR.xlsx,974,0.9885133135968844,14.077294973737056,1,18.52153086608218,-20502.240735380587,5673608.09329395,,,1892,0.9409931329061106,9.520378680195455,1,16.488851098469624,-18241.26169349103,5044878.565268304,,,HOLEHONNUR,13.97638888888889,75.68527777777778
df_st_Hoshangabad.xlsx,2277,0.9534239448014064,439.34207424194443,1,84.47138969079239,-47569.65622600942,6696535.122598744,,,4681,0.8712273542815573,67.0871174183662,1,130.02836997157797,-73653.20794860272,10429944.871796908,,,Hoshangabad,22.76,77.69
df_st_Huvinhedigi.xlsx,2125,0.9889451182666504,181.89727973685748,1,82.74697058316764,-57041.03079443913,9830089.929782901,,,4301,0.9883636350044681,48.294389574931124,1,90.42203261650303,-62422.759135305554,10773339.627875917,,,Huvinhedigi,16.49027777777778,76.92305555555556
df_st_ITCHAPURAM.xlsx,2440,0.7788413569068032,10.816394591231363,1,16.991802579547304,-109.80386945702135,177.67288329246946,,,456,0.8395001052769402,2.061763086939743,1,15.383512951610165,-101.25686525270548,167.3310077617245,,,ITCHAPURAM,19.09833333333333,84.67861111111111
df_st_Jagdalpur.xlsx,2026,0.9347107454095812,68.42363363895153,1,17.333053190583698,-18436.34470633006,4902377.947223729,,,3341,0.9572378809581208,15.828751592607134,1,27.823057046987618,-29692.696274880844,7921994.7204912035,,,Jagdalpur,19.10805555555556,82.02277777777778
df_st_Jamshedpur.xlsx,2081,0.9368045328535993,173.98926591042974,1,65.07621463108451,-14802.917632108332,841703.9449834335,,,4316,0.8671925911907661,58.58349046687583,1,34.53457358657184,-7756.3441740001,435269.6686774577,,,Jamshedpur,22.81555555555556,86.21611111111112
df_st_Jamsholaghat.xlsx,824,0.8757028659771348,239.2918427125534,1,3.484962515493656,150.74262916978105,-13459.134406768142,,,390,0.7955638626674644,202.83781335175718,1,17.296539176518525,-1228.1554067682578,20611.32174184193,,,Jamsholaghat,22.21972222222222,86.71666666666667
df_st_Jenapur.xlsx,2316,0.9712332674749958,200.4406289730326,1,280.4975977447831,-9870.399473315982,86967.65684346504,,,4649,0.9639770342338704,58.937675665194675,1,229.92955154326478,-7979.110974680884,69290.13879774688,,,Jenapur,20.87888888888889,86.01444444444445
df_st_Jewangi.xlsx,132,0.9794989972790863,12.84368629549016,1,60.59985174309447,-51037.820185026685,10746100.665512417,,,186,0.9806705160054795,11.975302661979665,1,60.34497523593518,-50825.817753019684,10702025.528535109,,,Jewangi,17.25444444444445,77.46277777777777
df_st_Jondhra.xlsx,1864,0.9401288656349799,272.8880352314422,1,95.998436844643,-42256.18421165624,4650064.722508514,,,3167,0.6820688799804672,149.1250885437646,2,,,,30.049492939483482,220.567953547972,Jondhra,21.71694444444444,82.33833333333332
df_st_Jotasan.xlsx,449,0.7861133130666536,11.321070256976324,2,,,,127.94827886178702,286.6296036904959,339,0.8534580228877738,3.247053279671819,2,,,,53.58449792730294,286.4387343809983,Jotasan,24.35611111111111,73.16555555555556
df_st_K__Agraharam.xlsx,861,0.9978146481900972,152.7714446346681,1,164.4310187199009,-89275.07648314862,12117661.73006573,,,1862,0.9939825381214265,38.498463343604946,1,139.55705236105587,-75658.64282173385,10254282.187115602,,,K. Agraharam,16.25777777777778,77.84027777777777
df_st_K_M__VADI.xlsx,1650,0.8726613847895346,19.881906168232625,2,,,,4.344351954730694,765.7003697434614,3326,0.80145774995057,19.690936123772097,2,,,,4.189258739930933,765.6701025890491,K.M. VADI,12.34722222222222,76.29222222222222
df_st_KALAMPUR.xlsx,2185,0.8155068659389372,29.992260061271008,1,19.620097352612284,-313.0566451002137,1277.9860377011346,,,4024,0.684401003422563,34.67825569343143,1,8.576295352350856,-107.36598476395662,322.49538734694147,,,KALAMPUR,9.990555555555554,76.63222222222221
df_st_KALLOOPPARA.xlsx,2247,0.9267880031651864,30.162546978283036,1,8.718834336900661,29.67116369467369,-42.015483461988545,,,2923,0.9450024843255344,12.582095255033073,1,14.09713061356796,-0.223919136103185,-6.850775937093085,,,KALLOOPPARA,9.403611111111111,76.65027777777779
df_st_KALMA.xlsx,234,0.9718386576225749,257.08964892699805,1,333.16015912673254,-129068.28692315325,12500467.711000768,,,575,0.6286505814429866,147.3859804541769,2,,,,50.39802090439903,192.95389912996066,KALMA,21.69472222222222,83.27777777777777
df_st_Kanhargaon.xlsx,1569,0.9689535044913639,32.176217456610495,1,17.475240662994324,-16208.725416954085,3758440.917521805,,,800,0.967953679238332,11.766694609302471,1,16.353670694262483,-15182.19056995836,3523628.582676882,,,Kanhargaon,19.96166666666667,77.14833333333334
df_st_Kantamal.xlsx,2315,0.9675919247811843,294.73096557385156,1,121.39652577468657,-29136.197728096573,1748350.89367283,,,4688,0.9044666851501899,58.086502552114766,1,85.15752335811135,-20328.5547722567,1213209.6510450023,,,Kantamal,20.65833333333333,83.73194444444445
df_st_Karad.xlsx,1730,0.9894700781940773,68.35072795305003,1,24.092479439945812,-26443.148008487256,7255734.435956179,,,2232,0.9616352650646172,9.70099197169434,1,25.85690034951015,-28408.703662308257,7803076.744631068,,,Karad,17.29361111111111,74.19
df_st_KARATHODU.xlsx,2072,0.9147237417365048,30.61091429580397,1,7.468012639560133,-13.094963402647398,-23.0108483283291,,,1688,0.861510252598632,15.21785199370634,1,9.987736808215043,-41.69424037584443,43.259248413786466,,,KARATHODU,11.05694444444445,76.03944444444444
df_st_Kashinagar.xlsx,593,0.9154727950989475,79.50890527993121,2,,,,71.28871183631989,52.92272571741897,1146,0.9474465005719648,25.377335319502766,2,,,,49.916163041272696,52.6878422633156,Kashinagar,18.84833333333333,83.87305555555555
df_st_KATRAGADDA.xlsx,1837,0.9262764778339473,65.54170955115902,2,,,,21.302645808535694,68.30447251269388,3585,0.8029322994958106,33.74822368588556,1,135.2279555215749,-18740.440575114215,649295.9816216392,,,KATRAGADDA,18.99361111111111,83.81194444444444
df_st_Keesara.xlsx,1860,0.9595166606630486,75.80317294694422,1,157.22837970831478,-9066.187514517726,130686.71847005586,,,3526,0.8916922601574412,26.419702696359803,2,,,,40.29931527413314,28.455499727067334,Keesara,16.71472222222222,80.32027777777778
df_st_Kelo_at_Raigarh.xlsx,1874,0.6868083199895394,60.212412568489135,2,,,,4.129614743058331,222.1787876399918,2362,0.6897870618627706,54.70431407067468,2,,,,4.320065948613179,222.2558713780735,Kelo at Raigarh,21.88277777777778,83.40333333333334
df_st_Keolari.xlsx,2002,0.9492406706854064,58.96888305030105,1,31.98473229040881,-27260.13172601429,5808353.1418114025,,,6205,0.9464598312040916,35.35087466070054,1,33.13570698866275,-28250.20203330368,6021253.501224084,,,Keolari,22.38138888888889,79.89972222222222
df_st_Kesinga.xlsx,2317,0.9417052176652526,272.77424051298476,2,,,,11.252497511443938,166.488964152198,4660,0.9088388511044357,45.3104813262453,1,160.44985057862698,-54032.58048921909,4548985.81758171,,,Kesinga,20.1975,83.22500000000001
df_st_Khanpur.xlsx,6745,0.9703149213118726,149.53204555211073,1,70.11230899187574,-1060.7717566619733,3920.016970347052,,,2256,0.9108331536096388,14.785833112738453,1,128.20628448828833,-2223.5892074014587,9650.274804156574,,,Khanpur,22.53388888888889,73.13972222222223
df_st_Kheda.xlsx,880,0.9302967636554293,23.411635530838613,2,,,,3.637491415542629,18.019255347786327,880,0.9302967636554293,23.411635530838613,2,,,,3.637491415542629,18.019255347786327,Kheda,22.74638888888889,72.68027777777779
df_st_KIDANGOOR.xlsx,2275,0.8424075037060501,43.13693775474918,1,7.2640866881844515,33.27994952774311,-10.436936083107954,,,3001,0.616396815003569,38.05808623478565,1,6.943283904283013,29.755644389360924,-6.545125950773805,,,KIDANGOOR,9.674999999999999,76.60277777777777
df_st_KODUMUDI.xlsx,2093,0.9721187924161934,52.58074607477845,1,158.15231491637172,-38593.77812218594,2354522.9041583235,,,4320,0.8929397756768817,83.0542448069605,2,,,,17.990559450110194,120.78196309651754,KODUMUDI,11.08,77.89
df_st_kogaon.xlsx,1886,0.9367517588678018,73.35577620345602,1,68.37146216119221,-20794.387106236798,1581058.9384628825,,,1430,0.9665180831278475,7.892780931868755,1,98.22307592515328,-29968.703619887525,2285928.384199284,,,kogaon,22.10166666666667,75.68388888888889
df_st_Koida.xlsx,1342,0.7935333392459074,83.70946327369691,2,,,,5.702745503719808,11.363541872598205,2661,0.9870237084472671,154.67046334046682,1,67.12747012888701,-1736.6833438142576,11209.434266714967,,,Koida,17.4825,81.38666666666667
df_st_KOLLEGAL.xlsx,2146,0.8945743686831449,165.30416166986572,1,237.01288707346848,-295771.1630825759,92273986.804235,,,4063,0.9298065562669354,37.81358519145892,1,235.08432883676502,-293447.8165794836,91575227.6806935,,,KOLLEGAL,12.18944444444444,77.10194444444444
df_st_Konta.xlsx,1944,0.9846102851908193,139.11696966555505,1,41.702940710600714,-2415.7143417585107,34731.35078354924,,,4041,0.9621350707329172,46.416832829875425,1,52.21832427508063,-3146.2467781380033,47363.37668084367,,,Konta,17.79888888888889,81.39277777777778
df_st_Kopergaon.xlsx,182,0.9605487744055337,63.78783664251803,1,49.69463004590195,-48251.76064674483,11712644.258846203,,,201,0.9277957606277492,85.24481843342654,1,46.384404539394176,-45039.56933782216,10933390.307885414,,,Kopergaon,19.89,74.49
df_st_Kotni.xlsx,1308,0.823809656283237,175.22149959118232,1,52.312823442699795,-28339.382566266228,3838104.5680879094,,,984,0.7621626659167859,49.230920953402155,2,,,,4.966685766813371,269.4925073882817,Kotni,21.23777777777778,81.25027777777778
df_st_Kudalaiyathur.xlsx,408,0.9514499897079083,42.84744368122924,1,53.0475279289125,-1353.095239764276,8617.753063015132,,,408,0.9514499897079083,42.84744368122924,1,53.0475279289125,-1353.095239764276,8617.753063015132,,,Kudalaiyathur,11.42222222222222,79.47222222222223
df_st_KUDIGE.xlsx,2190,0.9709609714365323,39.33244677053181,1,18.420322027310075,-29825.989355315174,12073443.650641622,,,4539,0.9312719012488261,9.349730149335583,1,22.16571867856899,-35914.55644382487,14547847.376220921,,,KUDIGE,12.5025,75.96083333333334
df_st_KUMBIDI.xlsx,2002,0.8460687497010195,123.43013218332493,1,110.24190580902034,-900.7957541461382,1902.204609868176,,,3165,0.8915358609437417,36.65307571281282,1,101.31651722224146,-785.6520653600688,1531.64284721035,,,KUMBIDI,10.85444444444444,76.02
df_st_Kumhari.xlsx,2220,0.8725868711291985,236.9001395735855,1,70.0269732742621,-40666.25905779615,5903960.546757919,,,6635,0.8739723496500127,142.13167515306594,1,72.81008628013379,-42303.01007522143,6144560.291361568,,,Kumhari,21.88444444444444,80.17527777777778
df_st_KUNIYIL.xlsx,2160,0.9447431162400204,86.72534170655328,1,25.87712228049638,132.01947808809246,-197.5739882917258,,,1617,0.791845682682201,49.5207582946523,1,46.88144464790561,-36.61162380237044,17.670605162980358,,,KUNIYIL,11.23944444444444,76.02333333333333
df_st_KUPPELUR.xlsx,1213,0.8863598483086025,24.25840009178339,1,15.200072894568661,-16247.6906131427,4341873.701576593,,,1065,0.8926438763240934,13.04022179094215,2,,,,5.012058454957107,534.4156169415784,KUPPELUR,14.5,75.63388888888889
df_st_Kurubhata.xlsx,2143,0.9447032551059048,57.55648262777892,1,108.23181264691088,-46676.80286197322,5032550.801771631,,,3840,0.9219941134385128,13.448150031200965,1,96.90009327150305,-41769.63025592603,4501292.819846228,,,Kurubhata,21.98138888888889,83.21055555555556
df_st_KURUNDWAD.xlsx,1785,0.9748520723302632,231.5458014139159,2,,,,0.7030849687294561,516.0150726070185,327,0.8352079099457494,114.56576185251151,1,54.175916704856405,-56656.11723170561,14812563.433227357,,,KURUNDWAD,16.68444444444444,74.60222222222221
df_st_KUTTYADI.xlsx,1715,0.9505568877507953,16.58516537246529,1,10.37759767710252,28.73008936054652,-29.1426299568873,,,3476,0.9812533955876985,2.736329515767883,1,16.86629899814159,0.3330978785617487,-4.385943251278387,,,KUTTYADI,11.65083333333333,75.75833333333334
df_st_LAKHPURI.xlsx,152,0.9010795402023627,2.5692069215940543,1,73.79706387409959,-38352.0084327613,4982842.903032967,,,184,0.9574739756143225,1.0602611748268491,2,,,,37.36250070521677,259.5828645730502,LAKHPURI,20.84555555555555,77.36055555555555
df_st_Lowara.xlsx,924,0.9740833579213044,42.273750392355176,1,34.91257823118546,-3917.1227938683564,109861.9654134501,,,473,0.9152698757874426,4.422024626105252,1,56.02610059221875,-6334.864716260081,179070.8290505169,,,Lowara,21.44583333333333,71.56527777777778
df_st_M_H__HALLI.xlsx,1954,0.8057465989335616,39.47013761989612,1,26.733750772864344,-44793.476331688245,18763313.32294953,,,6001,0.782197532521446,25.61848137791123,1,31.56218704265608,-52909.27988832597,22173627.779910404,,,M.H. HALLI,12.82,76.14111111111112
df_st_MAHUWA.xlsx,1953,0.9886885602463967,41.533424587446056,1,35.40251731349971,-614.3625196465264,2656.9440012597292,,,3239,0.9742811673189884,2.3321955045420117,1,56.83422426577502,-1034.3068964509923,4706.504602371576,,,MAHUWA,21.01444444444444,73.14027777777778
df_st_MALAKKARA.xlsx,2207,0.9639902278214876,35.93108404827261,1,13.72181254233938,78.21411019420013,29.031370278093416,,,2717,0.9560112602475005,18.750895006741427,1,9.050980103483626,94.24107115314462,16.258376900682247,,,MALAKKARA,9.329166666666666,76.66388888888889
df_st_Malkhed.xlsx,2041,0.9720532532465123,25.436353662745923,1,51.59907843826477,-40486.92022850965,7941954.695945533,,,4395,0.9475206586739036,10.819917224618436,1,55.53595520048806,-43586.447703955135,8552017.745046718,,,Malkhed,17.20333333333333,77.1563888888889
df_st_Mancherial.xlsx,2008,0.940128064450684,287.83388571447983,1,205.89899661766773,-51498.385059627566,3220103.6014403836,,,4066,0.7457912779583868,169.886676354409,1,165.48425725952944,-41423.21808935315,2592215.7105300203,,,Mancherial,18.85027777777778,79.44444444444444
df_st_Mandleshwar.xlsx,2311,0.990232654652432,282.07065871753264,1,143.19360834929648,-39376.836462028536,2706431.0923042446,,,4701,0.9532955787398628,82.15535880590346,1,205.54332293318174,-57015.26226318004,3953777.6951271826,,,Mandleshwar,22.17166666666667,75.66083333333334
df_st_Manendragarh.xlsx,1918,0.6740193209373886,23.587473086987362,2,,,,2.8521883858140282,410.5755885873393,4779,0.6880008615675037,16.31062404401857,1,24.379122674141335,-20080.027904600545,4134764.164448612,,,Manendragarh,23.20138888888889,82.21444444444445
df_st_Mangaon.xlsx,229,0.9503863523919341,30.02404941970638,1,37.17340022151165,-323.8830503513768,698.8778694608703,,,344,0.9157659995218785,36.38083362873191,1,39.50172203530415,-354.90697625422797,800.0387846809409,,,Mangaon,18.23138888888889,73.28361111111111
df_st_Mangrul.xlsx,1787,0.9366076827556318,25.708788712145896,1,10.365852295585846,-5788.326927942344,808025.4185598149,,,1878,0.8392320008983761,5.25943249064211,1,19.67978219807924,-11046.664457822548,1550180.1530337587,,,Mangrul,20.18888888888889,77.98666666666666
df_st_MANKARA.xlsx,2155,0.9017695016147859,21.087170617268097,1,73.64655765656163,-6935.073021349914,163265.26771943067,,,3613,0.8561125004718584,10.996708905274955,1,66.6714525463094,-6270.592478437438,147440.60520236733,,,MANKARA,10.76111111111111,76.48611111111111
df_st_Manot.xlsx,2252,0.9437575888348771,88.00990075986795,1,21.176601432391024,-18643.044954896435,4102942.936257985,,,4660,0.8996319764325811,8.358820789057079,1,56.0392798194289,-49637.930761717806,10991951.213326389,,,Manot,22.73583333333334,80.51305555555555
df_st_Mantralayam.xlsx,1848,0.9927422278524093,68.78776668642921,1,155.62594228593213,-95354.95943191937,14606449.362271136,,,3713,0.988901484535339,34.2299399677385,1,144.9719097228735,-88812.8842504766,13602171.521978928,,,Mantralayam,15.94,77.42
df_st_Marol.xlsx,1699,0.9646450669680899,38.56869756098975,1,14.542483660313978,-14744.30401940379,3737197.9387580566,,,632,0.8718244118576783,28.913303327020852,1,20.413562259426236,-20745.08689039184,5270505.660991038,,,Marol,14.93888888888889,75.61805555555554
df_st_Mataji.xlsx,1073,0.9496729063721363,143.15240881278856,2,,,,10.93750747751895,285.5632398579409,1846,0.9574314805659245,10.501022657462507,1,79.35173663028463,-45475.82105525504,6515450.865709507,,,Mataji,23.34972222222222,74.71833333333333
df_st_Mohgaon.xlsx,2242,0.977731645810899,53.87372473399198,1,35.0118001369445,-31428.194135027537,7052829.216352829,,,4660,0.9754058793143097,5.043179233671758,1,49.3359047134641,-44332.76792941703,9959250.707146848,,,Mohgaon,22.76583333333333,80.62333333333332
df_st_Mortakka.xlsx,891,0.9961355674637309,146.82959046995796,1,205.68597637891955,-63738.95508212272,4937815.186850206,,,1854,0.9233830754138999,95.79628733846607,1,228.12888177654628,-70802.5332779699,5493601.706611848,,,Mortakka,22.22638888888889,76.04722222222222
df_st_MOTINAROLI.xlsx,2137,0.8907189849037012,28.78453933692656,1,5.826084268250366,-69.331433452138,181.9534582630445,,,6001,0.84652503186682,21.310581601142694,1,5.75894137506371,-71.93120179100258,210.63290971058638,,,MOTINAROLI,21.23777777777778,72.96333333333334
df_st_MURAPPANADU.xlsx,2112,0.6278020882345867,4.601971263968891,2,,,,4.86582674134784,13.800878863725416,4463,0.902365791402466,18.352580605295238,2,,,,4.721327355727914,13.697284654675537,MURAPPANADU,8.714444444444444,77.835
df_st_MUTHANKERA.xlsx,2216,0.9852738226282267,22.411477258948942,1,46.81193367637099,-66170.88706673744,23383900.09307537,,,4472,0.9891788004994756,3.398559206262909,1,53.875287535089136,-76186.19684420167,26934131.998329986,,,MUTHANKERA,11.80805555555556,76.08416666666666
df_st_Naidupet.xlsx,1694,0.8587017600354956,33.34708198974476,1,70.99779994169441,-2948.6239967431497,30614.01140704113,,,1646,0.8584285618924743,33.8304753835391,1,71.00873189132871,-2949.1080370226873,30619.35532913159,,,Naidupet,13.94722222222222,79.89722222222223
df_st_NALLAMARANPATTY.xlsx,1596,0.7820316916374711,26.828199846002036,2,,,,19.024629700202443,128.06064648799259,1291,0.7984926877098795,28.32583273418498,1,86.36417525885044,-22218.608661102226,1429026.802385806,,,NALLAMARANPATTY,10.88083333333333,77.98472222222222
df_st_Nandgaon.xlsx,1935,0.9008184830078683,79.94743067218825,1,21.14300327315315,-8422.926299307792,838826.9035808175,,,3973,0.8735535644731086,4.756843925184965,1,30.272363200221506,-12134.55753795111,1216024.0165014318,,,Nandgaon,20.52555555555556,78.80888888888889
df_st_Narsingpur.xlsx,984,0.9858624728689475,119.40088890231047,1,32.39983631372037,-28869.914741074997,6430644.442704431,,,934,0.9304953606696178,45.24329667959255,1,94.89930708602233,-85213.13995857837,19128899.376690242,,,Narsingpur,17.97138888888889,75.13916666666667
df_st_Navalgund.xlsx,297,0.9834987153612608,6.822069234571754,1,15.589433026084343,-17447.526228082475,4881772.821911495,,,691,0.9886720357459007,1.8037839334413268,1,10.950255410138087,-12243.206983248536,3422201.0865502795,,,Navalgund,15.57305555555556,75.37305555555555
df_st_NEELEESWARAM.xlsx,2273,0.7654372718234981,170.68501948296156,1,10.697902968763339,198.7670683963809,33.5397270625209,,,6552,0.7861247057994001,127.51332379534331,1,6.763591445961428,228.99401755755136,-36.15727316502589,,,NEELEESWARAM,10.18361111111111,76.49555555555555
df_st_NELLITHURAI.xlsx,1988,0.9609812575438117,23.513511312436794,1,46.6069217704415,-28190.589345508513,4262811.256693723,,,3911,0.9925016235336352,4.990674475112512,1,54.61969324333368,-33057.75960323854,5001919.92349444,,,NELLITHURAI,11.28777777777778,76.89111111111112
df_st_Nowrangpur.xlsx,1977,0.9716479558472667,28.085962855967797,1,27.2527897168816,-29970.021066516456,8239547.677886448,,,3940,0.9871801822617129,4.129511640475899,1,22.771014686513503,-25031.747886441015,6879230.029338568,,,Nowrangpur,19.1975,82.51194444444444
df_st_Oollenur.xlsx,364,0.9964323419879707,15.058719139021465,1,95.04590559838275,-70561.83996086146,13096239.710877523,,,786,0.9761581685148488,14.99778607304634,1,100.97715352983745,-74982.3289180368,13919867.525619654,,,Oollenur,15.49194444444444,76.7175
df_st_OZERKHEDA.xlsx,1901,0.9701102426499005,33.32323623214697,1,31.9073335806544,-5180.707676220156,210295.0350781973,,,2237,0.8003822480996835,6.553536644030568,2,,,,11.54477350399591,80.76736767892957,OZERKHEDA,20.10027777777778,73.27111111111111
df_st_P_G__Bridge.xlsx,669,0.9797319359165569,67.52003191525321,1,42.047505680402075,-16715.52225957906,1661183.4807488532,,,999,0.9905721797529681,11.32137356381899,1,63.47264475029063,-25356.14708278702,2532327.0994871967,,,P.G. Bridge,19.82083333333333,78.56083333333333
df_st_Pachegaon.xlsx,157,0.9143972212672506,31.54479980308895,1,16.36403962437314,-15346.454943165412,3597935.6413161196,,,148,0.8957209456502806,23.422136453647088,1,34.772874700795064,-32741.41542191355,7707145.254434232,,,Pachegaon,19.53527777777778,74.83361111111111
df_st_Padampur.xlsx,364,0.7509537422064195,37.678590770296715,1,32.60522069167283,-11183.329781799051,958934.8094895374,,,280,0.9024153426575774,7.044099420160162,1,32.79033147611943,-11270.773385521565,968505.0683633068,,,Padampur,21.01583333333333,83.10305555555556
df_st_Paderdibadi.xlsx,1396,0.9739185590444176,148.30163723532047,2,,,,3.2940422396008198,130.5227670251209,3081,0.8700668041135314,14.243738625783305,1,58.70320931391596,-15570.805588046616,1032504.9558386202,,,Paderdibadi,23.75888888888889,74.13388888888889
df_st_Paleru_Bridge.xlsx,1164,0.9834488806168623,5.795713308599834,1,47.19434431261809,-6785.556261938232,243905.55379175933,,,2333,0.8412016993671111,4.501771992499362,2,,,,8.713149500617668,71.2441172736486,Paleru Bridge,16.94888888888889,80.04916666666666
df_st_Patan.xlsx,2129,0.9570618729724273,47.23423931280348,1,8.582735206861889,-5836.308779711163,992144.5084815904,,,4149,0.9105229052797529,10.0320187021842,1,11.541085956350061,-7882.412533738504,1345898.1284377342,,,Patan,23.31166666666667,79.66277777777778
df_st_Pathagudem.xlsx,17131,0.7435988443250374,1028.4567057405668,1,98.0010014335791,-16816.22379437457,721348.6783681136,,,4170,0.9718444370678927,64.31254871550814,1,117.23347253927903,-20212.85824019582,871245.254227499,,,Pathagudem,18.81638888888889,80.35
df_st_Pathardihi.xlsx,1713,0.9574160607036559,38.66839527705367,1,32.434976744688235,-17622.413352907144,2393616.3827171065,,,1540,0.9454949312305333,9.142976484987871,1,39.22442300193275,-21336.80134158954,2901628.6136234105,,,Pathardihi,21.34111111111111,81.59388888888888
df_st_Pati.xlsx,1560,0.7701708157846994,17.427630324359217,1,44.63723435710474,-16876.84516981817,1595239.9194160523,,,3040,0.7813029433274818,13.819225061398448,1,48.18435041762381,-18223.23573674741,1723000.8665589897,,,Pati,21.94361111111111,74.745
df_st_PATTAZHY.xlsx,2284,0.7691175440287026,29.57681081726125,1,3.8277709672022766,21.325780068851042,-33.29374066731932,,,4604,0.6752005219029624,23.339861482355953,1,5.079205611197578,15.09899150132443,-28.15789707264475,,,PATTAZHY,9.072777777777777,76.7611111111111
df_st_Pauni.xlsx,227,0.9785069396190135,67.72569051837961,1,101.946239046302,-44665.95932122471,4892397.063829218,,,289,0.9890059168829154,18.05817396339847,2,,,,16.81881621645983,218.37211861826634,Pauni,20.795,79.64944444444446
df_st_PERUMANNU.xlsx,2240,0.9339332714458524,78.78628718064577,1,43.85362587120147,-595.0600882407596,2051.770314666065,,,4523,0.7879643821611183,25.89090089740482,1,21.449652097243373,-250.78491906834861,729.516490425022,,,PERUMANNU,11.9823,75.58415833333333
df_st_Perur.xlsx,2212,0.975037031012784,1157.0874039292967,1,229.699986919399,-32333.03471195819,1137908.516682007,,,4378,0.9527600569478711,244.25088645068124,2,,,,18.942730182599952,68.70735977390693,Perur,18.53666666666667,80.37666666666667
df_st_Phulgaon.xlsx,454,0.7571338195925182,115.38734893366494,1,59.49388744193081,-64215.12039058055,17327792.843495067,,,472,0.7557813873236768,114.08148416795757,1,60.618776279809225,-65434.363764179754,17658167.231519435,,,Phulgaon,18.66638888888889,74.00172222222223
df_st_PINGALWADA.xlsx,2018,0.9116137707391957,33.05471799740175,1,3.252088903655752,-20.24108187423673,15.712527710040119,,,4171,0.8095488146671761,2.1974180398393455,1,3.259163161027202,-27.60876023503215,57.76230876903253,,,PINGALWADA,22.11083333333334,73.0786111111111
df_st_PUDUR.xlsx,2042,0.7642942582166004,10.740420178080596,1,17.35800527540277,-2070.668103669667,61752.619587992165,,,3222,0.8847303905164287,4.529897072456536,1,25.002094100076874,-2993.381318657429,89596.57874897828,,,PUDUR,10.7775,76.51222222222222
df_st_PULAMANTHOLE.xlsx,2191,0.7220889521551352,62.210241582592296,2,,,,2.7520543102900703,9.444567203121075,6295,0.6726693474100047,51.37129403263299,2,,,,3.7891422244676676,10.058925284245293,PULAMANTHOLE,10.89805555555555,76.19194444444445
df_st_Rajegaon.xlsx,1981,0.9480688996267024,120.63067482434198,1,58.23630408596999,-31845.387445616783,4353511.052047726,,,3080,0.772411985829988,13.199708679452543,2,,,,8.707454588890371,272.57835005049014,Rajegaon,21.62388888888889,80.25333333333333
df_st_RAJIM.xlsx,1889,0.9404570115171436,149.09762884910958,1,206.6482075769205,-114163.8402842645,15767563.506685127,,,2724,0.9301848617658898,22.902783184037627,1,199.41094797014617,-110208.97283606013,15227367.532488063,,,RAJIM,20.975,81.88111111111111
df_st_Rajoli.xlsx,1579,0.936615080950571,45.7219506975323,1,26.742401882969887,-9761.549281476573,890782.2019486368,,,1853,0.8833108210410155,7.517967175891923,1,37.68298557397753,-13791.72246633138,1261919.0765861056,,,Rajoli,20.19361111111111,79.66611111111112
df_st_Ramakona.xlsx,2132,0.8059128388035535,43.49374966403043,2,,,,8.63155627802215,336.6552304001205,6323,0.8017263919669285,27.737098635900725,2,,,,10.473487122670338,336.89874850031543,Ramakona,21.71888888888889,78.82416666666666
df_st_RAMAMANGALAM.xlsx,2254,0.9640209101198259,35.088732782456546,1,13.661246751932273,71.53742286642245,-6.808591339015136,,,4577,0.9476044213417899,15.834220578641162,1,13.800256007427524,80.63657730085056,-26.566214192885937,,,RAMAMANGALAM,9.943611111111112,76.47833333333334
df_st_Rangeli.xlsx,1400,0.8382824293022428,53.01968214720903,2,,,,9.686327686065148,150.25547666024536,2926,0.8271050032538039,10.158313968075314,2,,,,47.63956224354048,151.0244365816425,Rangeli,23.87222222222222,74.22416666666666
df_st_Sadalga__Seasonal_.xlsx,1217,0.9607388105468432,68.27788768103888,2,,,,0.6227810992110471,524.2429181644187,263,0.8159421503603487,25.376095566344482,1,3.3718843639712346,-3508.097405771357,912259.6009651886,,,Sadalga (Seasonal),16.56361111111111,74.5275
df_st_Saigaon.xlsx,240,0.9791173425311007,7.459439255323257,1,12.137099078025546,-13175.58728668002,3575727.3335929224,,,262,0.948847509917362,34.893610204049146,2,,,,2.7434082154170567,542.3469656192013,Saigaon,18.05,77.04972222222221
df_st_SAKLESHPUR.xlsx,1959,0.617977679871809,57.671984361838526,2,,,,0.9702849727350519,885.2681869945353,3800,0.6098482060044659,10.41794237493874,1,1.144345495978371,-2018.7701143537438,890313.9860207054,,,SAKLESHPUR,12.94333333333333,75.79388888888889
df_st_Salebardi.xlsx,1618,0.9209695666028105,46.73846160042593,1,48.124371143174415,-21760.91490191776,2459970.257037435,,,1273,0.7207677147337308,6.830347619358955,2,,,,37.75193695658921,226.10863495630588,Salebardi,20.9125,79.92722222222223
df_st_Salebhata.xlsx,1985,0.9657557807288074,88.05595447086417,1,123.45766882088645,-32155.449237253404,2093769.753796809,,,4150,0.964577557621898,9.51076332922272,1,131.70897790439415,-34335.2120401163,2237710.7883288846,,,Salebhata,20.98305555555556,83.53944444444444
df_st_Samdoli__Seasonal_.xlsx,1906,0.9829864459356178,48.76097645907839,1,6.173662391185043,-6484.347313959545,1702479.09268549,,,365,0.7690190581751681,30.83308693207975,1,20.031884080456585,-21247.867566548815,5634431.801226972,,,Samdoli (Seasonal),16.85638888888889,74.49666666666667
df_st_Sangam__Kinnerasani_.xlsx,122,0.998617798125462,0.8668547776177812,1,28.576748502219523,-3007.667616756089,79137.27234849085,,,154,0.9899041656503023,0.44703654443959184,1,34.36175336321507,-3624.37515553547,95572.26367479321,,,Sangam (Kinnerasani),17.59972222222222,80.81638888888888
df_st_SANTEGULI.xlsx,2173,0.8895835884187926,106.59236220559305,1,50.57953069611885,-1106.2789843919954,6052.00097015635,,,4460,0.902684163083672,9.680344279318396,2,,,,5.875757372242956,9.8284112304287,SANTEGULI,14.43444444444444,74.58888888888889
df_st_Saradaput.xlsx,793,0.9885758489529975,4.743847538005385,1,22.072538219256117,-9860.99335710787,1101296.4898525835,,,1562,0.8992281372361366,16.19441001202087,1,19.99421849414006,-8927.650279019645,996512.7962318814,,,Saradaput,18.6125,82.14277777777778
df_st_SARANGKHEDA.xlsx,1359,0.9885741203516537,171.0819492938117,1,74.0659343577936,-16020.751728462717,866147.8678629324,,,502,0.9472296385830203,81.42098344256905,1,113.68975215059942,-24860.685536676272,1359065.2864059845,,,SARANGKHEDA,21.42833333333333,74.52722222222222
df_st_Sarati.xlsx,2974,0.9753786359246155,39.012425216902685,1,54.084433050900124,-50601.578301377456,11835720.018764643,,,433,0.9864121221558437,18.144310374413585,1,61.37798548915312,-57475.55210850906,13455305.0524609,,,Sarati,17.91194444444444,75.0075
df_st_SAVANDAPUR.xlsx,2206,0.8943573747969351,7.198926615198806,1,27.342175576453307,-9855.78937366664,888157.1915544978,,,4563,0.8950050063914213,8.098723934228476,2,,,,9.282658595689005,179.84640831421484,SAVANDAPUR,11.52,77.51
df_st_SAVKHEDA.xlsx,1612,0.987695251484657,85.2214474359931,1,49.94760325412309,-13952.065023512834,974050.8003697724,,,479,0.9978360700051716,31.087113662495586,1,48.696830062333305,-13620.76638665549,952237.5919679594,,,SAVKHEDA,21.14944444444444,75.23194444444445
df_st_SEEDHI.xlsx,1156,0.9125741743036098,17.704228174137288,1,27.53087944677455,-2389.2636274785605,51842.85138375035,,,1477,0.9396471038993233,10.42963009353176,1,35.38890822766365,-3086.783095016656,67313.78235222232,,,SEEDHI,18.72194444444444,84.0436111111111
df_st_Seorinarayan.xlsx,2264,0.9683329549893313,365.2547943470984,1,157.34588985747612,-66708.05845354006,7070312.310672084,,,4520,0.7597993514808637,138.89368939121047,2,,,,28.829463216739477,211.91987491270817,Seorinarayan,21.71833333333333,82.5975
df_st_Shimoga.xlsx,726,0.9857527952897811,60.47665916766587,1,70.67897863455161,-79300.16632426354,22243183.34588314,,,2003,0.7216853583324252,221.98898304783688,1,79.29361530291413,-89026.48712312944,24988526.052382126,,,Shimoga,13.92694444444444,75.585
df_st_Simga.xlsx,2029,0.9761568488836915,143.1482459343426,2,,,,3.9919393951555624,243.21967985175982,3743,0.9642746047491524,21.392431638922215,1,56.020284518127575,-27451.703831411254,3363007.349261587,,,Simga,21.63305555555556,81.685
df_st_Srikakulam.xlsx,2300,0.8800424969868695,66.7744944334064,1,113.59966338144906,-1754.973152179521,6790.504647593188,,,4549,0.8977843224076296,37.91498034159224,2,,,,24.922878178978905,7.024833550484811,Srikakulam,18.31333333333333,83.88416666666667
df_st_Sundergarh.xlsx,2229,0.9526974225159316,67.47119044654819,2,,,,18.670259106800433,215.7354153143967,4515,0.8705755601932539,22.329530085052713,1,97.93490234594968,-42436.13092876107,4596992.498216714,,,Sundergarh,22.11527777777778,84.0111111111111
df_st_T__BEKKUPE.xlsx,1334,0.7492453576351961,4.929752343968282,1,28.5206973556734,-34465.39941390851,10412298.91338234,,,2731,0.8188276639197326,2.6787233321995676,2,,,,8.532762604818554,603.6742356601203,T. BEKKUPE,12.50722222222222,77.42805555555556
df_st_T__NARASIPUR.xlsx,974,0.8163387955364336,65.3972851332761,1,31.23025469333086,-39615.30468092211,12562939.846671963,,,2563,0.7682105183301775,52.37261453036339,1,37.20296859595866,-47223.30994234116,14985665.055470688,,,T. NARASIPUR,12.23027777777778,76.89444444444445
df_st_T__Ramapuram.xlsx,1302,0.9597344818315203,27.05050292850467,1,88.23646758356136,-61716.26835123788,10791734.517953627,,,2090,0.9206689434389722,25.051730376771456,2,,,,18.258306680048204,349.1399559111184,T. Ramapuram,15.66111111111111,76.96555555555555
df_st_T_K_HALLI.xlsx,1382,0.9430763304630839,14.848735537073955,2,,,,6.669292178757637,579.9555720798522,3172,0.9274651404005236,12.640549829936058,1,21.332198080206936,-24757.758500244818,7183347.268067181,,,T.K.HALLI,12.41194444444444,77.19277777777778
df_st_Tadipatri.xlsx,3317,0.8757491221351105,12.472217199173302,1,152.05994236173032,-68235.3456054246,7654977.3457533475,,,3317,0.8757491221351105,12.472217199173302,1,152.05994236173032,-68235.3456054246,7654977.3457533475,,,Tadipatri,14.92194444444444,78.01638888888888
df_st_Takli.xlsx,671,0.960253587183941,221.23759874394764,1,43.84338886844658,-35969.35748218006,7377348.185661024,,,201,0.8610519647467616,174.91740434720293,2,,,,2.050096358520811,407.8310771416291,Takli,17.41416666666667,75.84777777777778
df_st_Talikot.xlsx,231,0.9687868971706597,5.429685386199516,1,7.026318900827641,-6964.882979967396,1725973.4007463725,,,130,0.9710689657659282,3.7699356659457135,1,10.307721027290542,-10246.505276319673,2546413.005423762,,,Talikot,16.48361111111111,76.28444444444445
df_st_Terwad__Seasonal_.xlsx,1440,0.981780157923164,72.5626256603957,2,,,,0.4289646790397034,520.5031384053565,331,0.8881061825354888,22.121233331878674,1,7.716842826208606,-8079.17691597308,2114631.147021998,,,Terwad (Seasonal),16.67638888888889,74.57416666666666
df_st_THENGUMARAHADA.xlsx,2221,0.960725125254621,3.073051134416631,1,39.73895470260991,-26886.38039974551,4547661.776224739,,,4508,0.9112949030046283,2.4132865226737445,1,33.750325483224216,-22829.556755337435,3860617.3638740513,,,THENGUMARAHADA,11.57277777777778,76.91916666666667
df_st_THENI.xlsx,1864,0.978222977929866,2.2288501557319838,1,30.068821043142044,-16759.061931530054,2335194.015481777,,,4019,0.9581078135336841,4.136737993830418,1,24.76103377717625,-13794.81851703402,1921333.5933498996,,,THENI,10.00111111111111,77.485
df_st_THIMMANAHALLI.xlsx,1857,0.9779875469027162,3.3864387268390206,2,,,,5.801692692387731,904.7451622650765,3682,0.9723445105306765,1.9048833132232756,1,20.595059013590514,-37284.31211267542,16874433.53463351,,,THIMMANAHALLI,12.98527777777778,76.03777777777778
df_st_THUMPAMON.xlsx,2156,0.9092167235870926,19.1321456477936,1,11.481508256997955,-107.89643166215795,247.33614762839463,,,2516,0.819105949215404,19.066529827419696,1,11.621259604651865,-111.44250628066236,262.2250334463417,,,THUMPAMON,9.227777777777778,76.7
df_st_Tikarpara.xlsx,1023,0.9341054664803619,1018.2301332803743,1,58.2661684509892,-5806.666321819967,143459.03828847292,,,2126,0.9409195666835989,199.8539256595434,1,81.49338077816644,-8568.969270516865,225218.02755774668,,,Tikarpara,20.59944444444444,84.78166666666667
df_st_Triveni.xlsx,1928,0.850930528957133,734.429861399499,1,337.4995025315642,-70040.56265110322,3634131.504411623,,,5790,0.8921701888173823,570.0123221795127,1,323.99584227648137,-67174.31668159024,3481995.8509088675,,,Triveni,27.43805555555556,83.90555555555557
df_st_URACHIKOTTAI.xlsx,1611,0.9680147046685138,55.46436240365898,1,98.71006388767601,-31234.978674613492,2470967.748965667,,,2510,0.9701065877154502,42.20166247447782,2,,,,11.772271420517736,156.90672514577335,URACHIKOTTAI,11.47777777777778,77.7
df_st_VANDIPERIYAR.xlsx,4318,0.9476236591888256,4.040903432175543,2,,,,8.434445499064154,790.8004170648677,5284,0.9616912007106367,1.4983981199914345,2,,,,6.903327762957895,790.7219109802128,VANDIPERIYAR,9.1525,77.1525
df_st_Vautha.xlsx,1818,0.9094988359522416,96.09611859653953,1,74.79207023049761,-2037.4112780825485,13891.896237983341,,,3482,0.8574121550986533,18.647409522961453,1,65.69044408854543,-1771.2873435446827,11954.020906716583,,,Vautha,22.65027777777778,72.535
df_st_Vazhavachanur.xlsx,374,0.9048819155920607,2.5469189078246326,2,,,,96.28517681505046,133.87444686489408,2766,0.928566862353839,13.550102129038102,1,63.99762548418528,-17136.752062396692,1147184.698882699,,,Vazhavachanur,12.06583333,78.97805556
df_st_Villupuram.xlsx,377,0.9482858904031208,33.467970583496644,2,,,,210.76601711857205,42.845830349328736,377,0.9482858904031208,33.467970583496644,2,,,,210.76601711857205,42.845830349328736,Villupuram,11.87055555555556,79.45944444444444
df_st_Wadakbal.xlsx,977,0.9876588630374933,15.15511705014587,1,17.020282956318045,-14232.761107000482,2975429.206269504,,,721,0.9791579552244335,12.905504938858881,1,16.838078094406754,-14082.061899713783,2944275.140622359,,,Wadakbal,17.53416666666667,75.88472222222222
df_st_Wadenepally.xlsx,2147,0.9878963371939831,241.1521216254713,1,96.07616044063774,-4617.64664840852,55451.138666138184,,,6756,0.7413034691576912,804.7644223814406,1,100.43533509976523,-4882.552648418958,59387.35597576369,,,Wadenepally,16.79416666666667,80.07305555555556
df_st_Warunji.xlsx,1340,0.995189761511043,28.336564264097188,1,15.391934428381795,-16926.771596189366,4653647.341761147,,,2341,0.9655335851072346,6.013686102851279,1,19.648252368418355,-21621.17745627793,5948037.141376876,,,Warunji,17.27277777777778,74.16472222222222
df_st_Yadgir.xlsx,1472,0.9882755661858635,103.27900533500062,1,97.14719583509041,-68174.25278787522,11960565.45784091,,,1511,0.9909761363155792,47.269652007904654,1,100.38451594180441,-70454.36649439578,12362040.736252075,,,Yadgir,16.7375,77.12527777777777
df_st_YENNEHOLE.xlsx,2166,0.9601128358346535,22.819320614559455,1,21.485718661671882,-706.4577337351676,5768.753190244786,,,3187,0.9600213871939103,4.385115189374708,1,27.843822069342227,-959.4236367935827,8264.521604641139,,,YENNEHOLE,13.29416666666667,74.98083333333334
df_st_YERLI.xlsx,1812,0.9149590717001836,113.35305694853129,1,17.000938675855693,-7203.489061428728,762904.9596191302,,,1518,0.9462679819363983,21.571796137200085,1,25.466918009653714,-10879.529581051609,1161909.9735559558,,,YERLI,20.93638888888889,76.47416666666666
